id,first_name,last_name,email,gender,ip_address
1,Gerda,Skerm,gskerm0@ustream.tv,Female,190.32.246.35
2,Shurlock,Portam,sportam1@ifeng.com,Male,184.199.32.150
3,Tine,De Mars,tdemars2@hibu.com,Female,178.73.194.165
4,Silvie,Eard,seard3@g.co,Female,157.186.29.218
5,Jacquette,MacGaffey,jmacgaffey4@independent.co.uk,Female,1.205.247.172
6,Andreas,Drepp,adrepp5@t-online.de,Male,246.83.222.255
7,Neill,Woolaston,nwoolaston6@jalbum.net,Male,171.170.95.31
8,Hughie,Warr,hwarr7@wufoo.com,Male,220.96.42.0
9,Son,Tinner,stinner8@vkontakte.ru,Male,101.85.5.69
10,Juditha,Langran,jlangran9@goodreads.com,Female,226.74.157.62
11,Uri,Loughren,uloughrena@zimbio.com,Male,108.248.134.245
12,Nevsa,Briance,nbrianceb@virginia.edu,Female,17.172.93.237
13,Emmey,Gorling,egorlingc@netscape.com,Female,45.61.168.84
14,Esta,Pelcheur,epelcheurd@barnesandnoble.com,Female,229.237.139.197
15,Mathe,Baiden,mbaidene@pinterest.com,Male,173.159.36.25
16,Vanya,Kays,vkaysf@ifeng.com,Female,162.42.19.189
17,Tanhya,Canwell,tcanwellg@indiegogo.com,Female,142.216.246.204
18,Lezlie,Domenichini,ldomenichinih@yandex.ru,Female,51.51.101.154
19,Cissy,Ackwood,cackwoodi@google.ru,Female,155.64.29.222
20,Aksel,Prop,apropj@meetup.com,Male,43.229.38.165
21,Benedicta,Knoles,bknolesk@ucsd.edu,Female,17.40.226.61
22,Lulu,Roloff,lroloffl@issuu.com,Female,125.82.24.160
23,Selia,Skerman,sskermanm@theguardian.com,Female,193.218.248.132
24,Bunnie,Gritten,bgrittenn@amazon.com,Female,29.191.238.61
25,Law,Rainard,lrainardo@nature.com,Male,33.46.35.125
26,Armstrong,Melby,amelbyp@wix.com,Male,172.57.188.111
27,Kingsley,Boylund,kboylundq@wordpress.org,Male,180.255.3.166
28,King,MacAlaster,kmacalasterr@canalblog.com,Male,130.162.162.116
29,Rosalia,Fontenot,rfontenots@netlog.com,Female,78.215.158.245
30,Neilla,Berlin,nberlint@com.com,Female,80.198.192.65
31,Gabe,Dring,gdringu@zimbio.com,Male,108.206.51.2
32,Juline,Iacoviello,jiacoviellov@dot.gov,Female,134.254.68.231
33,Britni,Jinkinson,bjinkinsonw@vk.com,Female,112.129.16.40
34,Sheila,Abbys,sabbysx@etsy.com,Female,110.189.238.152
35,Clemence,Wickardt,cwickardty@blogger.com,Female,204.34.141.81
36,Blanch,Aleksandrikin,baleksandrikinz@livejournal.com,Female,150.132.55.132
37,Delcina,Franckton,dfranckton10@dailymail.co.uk,Female,7.19.80.132
38,Clotilda,Lufkin,clufkin11@qq.com,Female,208.48.152.84
39,Izaak,Wardell,iwardell12@nhs.uk,Male,135.51.208.206
40,Kristofor,Goskar,kgoskar13@cocolog-nifty.com,Male,86.27.29.92
41,Lark,Staining,lstaining14@independent.co.uk,Female,15.251.142.122
42,Foster,Sambell,fsambell15@twitpic.com,Male,97.66.131.171
43,Lola,Feldman,lfeldman16@shutterfly.com,Female,94.223.71.200
44,Glyn,Theuff,gtheuff17@yahoo.com,Male,156.196.115.18
45,Alissa,Whittingham,awhittingham18@squidoo.com,Female,46.193.146.132
46,Rey,Kastel,rkastel19@g.co,Female,145.171.179.192
47,Melly,Leed,mleed1a@altervista.org,Female,70.116.80.249
48,Justina,Fendley,jfendley1b@google.it,Female,21.168.247.21
49,Skip,Nordass,snordass1c@topsy.com,Male,90.83.155.166
50,Kettie,Mackilpatrick,kmackilpatrick1d@liveinternet.ru,Female,128.172.224.113
51,Kyle,Duncanson,kduncanson1e@wikispaces.com,Female,190.202.201.186
52,Jolie,Gilbane,jgilbane1f@amazon.de,Female,133.117.238.46
53,Miguel,Fontelles,mfontelles1g@nba.com,Male,200.31.159.64
54,Osmund,Screase,oscrease1h@lycos.com,Male,183.51.145.3
55,Cart,Biernat,cbiernat1i@t.co,Male,193.206.163.171
56,Kelsey,Epp,kepp1j@netvibes.com,Female,80.220.109.251
57,Eleni,Thick,ethick1k@altervista.org,Female,89.143.171.251
58,Cheston,McInulty,cmcinulty1l@hud.gov,Male,153.249.82.42
59,Luisa,Causby,lcausby1m@hubpages.com,Female,188.233.154.236
60,Faustine,McLeese,fmcleese1n@amazon.co.jp,Female,183.10.162.155
61,Mitchell,Landal,mlandal1o@whitehouse.gov,Male,37.84.60.135
62,Clim,Rosenhaupt,crosenhaupt1p@answers.com,Male,199.188.220.242
63,Khalil,Coverdill,kcoverdill1q@reuters.com,Male,252.83.160.162
64,Michel,Harrold,mharrold1r@studiopress.com,Male,100.253.28.241
65,Karl,Thorndycraft,kthorndycraft1s@unc.edu,Male,173.139.62.3
66,Curran,Turbill,cturbill1t@bizjournals.com,Male,209.212.85.116
67,Nelle,Huggens,nhuggens1u@macromedia.com,Female,127.24.221.80
68,Teri,M'cowis,tmcowis1v@mapquest.com,Female,217.132.145.29
69,Zebedee,Simyson,zsimyson1w@cdbaby.com,Male,39.159.69.220
70,Erl,Binham,ebinham1x@mapy.cz,Male,233.9.223.65
71,Vallie,Andraud,vandraud1y@wufoo.com,Female,168.7.60.250
72,Kristi,Fowlston,kfowlston1z@infoseek.co.jp,Female,177.139.145.193
73,Chic,Nicholl,cnicholl20@yellowpages.com,Male,160.150.146.20
74,Basilio,O'Doghesty,bodoghesty21@cnbc.com,Male,197.230.200.15
75,Maddy,Wyrill,mwyrill22@a8.net,Male,230.220.87.85
76,Hedy,Gallehock,hgallehock23@reddit.com,Female,71.171.235.79
77,Alfred,Nuton,anuton24@ucoz.com,Male,249.228.193.0
78,Aland,Wildman,awildman25@amazon.co.jp,Male,60.224.217.247
79,Hayes,Kineton,hkineton26@webmd.com,Male,104.204.213.228
80,Emmy,Gutherson,egutherson27@flavors.me,Male,52.139.64.142
81,Derron,Deeny,ddeeny28@nhs.uk,Male,112.13.227.133
82,Alan,Pillinger,apillinger29@shop-pro.jp,Male,137.111.82.156
83,Ginevra,Prince,gprince2a@marketwatch.com,Female,63.67.198.145
84,Edita,Fetterplace,efetterplace2b@weebly.com,Female,47.61.56.100
85,Cullan,Bryns,cbryns2c@liveinternet.ru,Male,28.68.172.167
86,Albertina,Cereceres,acereceres2d@ow.ly,Female,27.234.67.21
87,Levin,Caile,lcaile2e@cpanel.net,Male,179.148.58.62
88,Sauncho,Barfford,sbarfford2f@howstuffworks.com,Male,154.190.220.57
89,Lance,Coom,lcoom2g@odnoklassniki.ru,Male,167.168.79.7
90,Marielle,Bestiman,mbestiman2h@comsenz.com,Female,45.174.145.43
91,Marthe,Fardy,mfardy2i@t-online.de,Female,54.50.60.77
92,Franni,Suatt,fsuatt2j@prlog.org,Female,235.13.81.203
93,Gage,Verney,gverney2k@techcrunch.com,Male,192.238.163.150
94,Brande,Hutfield,bhutfield2l@ameblo.jp,Female,50.120.252.138
95,Sascha,Belison,sbelison2m@mail.ru,Male,28.233.198.198
96,Samson,Chason,schason2n@nasa.gov,Male,129.150.107.20
97,Oliy,Robardey,orobardey2o@g.co,Female,189.41.27.44
98,Caren,Gaythorpe,cgaythorpe2p@goo.ne.jp,Female,24.112.234.118
99,Almeta,Cornils,acornils2q@yellowbook.com,Female,186.26.65.206
100,Kendrick,Towson,ktowson2r@statcounter.com,Male,91.108.101.39
101,Rafferty,Studde,rstudde2s@surveymonkey.com,Male,22.233.169.63
102,Moritz,Kullmann,mkullmann2t@wired.com,Male,13.35.198.113
103,Wittie,Sessuns,wsessuns2u@salon.com,Male,241.20.11.239
104,Eadie,Dark,edark2v@naver.com,Female,147.74.3.22
105,Clementine,Esgate,cesgate2w@europa.eu,Female,117.187.214.210
106,Meir,Bonin,mbonin2x@java.com,Male,201.199.108.240
107,Chuck,Banker,cbanker2y@xinhuanet.com,Male,218.72.126.130
108,Barbara-anne,Boffey,bboffey2z@canalblog.com,Female,57.9.86.157
109,Shandie,Cherrison,scherrison30@weather.com,Female,190.37.112.117
110,Stacey,Ballister,sballister31@meetup.com,Female,68.62.187.24
111,Boigie,Goodlife,bgoodlife32@marriott.com,Male,174.130.142.66
112,Myrilla,Gander,mgander33@gravatar.com,Female,157.4.67.97
113,Susannah,Trusslove,strusslove34@usatoday.com,Female,79.193.106.245
114,Lelah,Springtorp,lspringtorp35@noaa.gov,Female,149.117.98.255
115,Lita,Scotchmur,lscotchmur36@oakley.com,Female,64.34.99.73
116,Butch,Logie,blogie37@printfriendly.com,Male,1.134.77.214
117,Augie,Martinon,amartinon38@xing.com,Male,120.17.195.39
118,Emyle,Leggs,eleggs39@sitemeter.com,Female,82.238.108.252
119,Brittni,Shire,bshire3a@multiply.com,Female,231.158.163.197
120,Ronnica,Guyver,rguyver3b@spotify.com,Female,94.179.29.39
121,Deidre,Gurton,dgurton3c@blogs.com,Female,153.19.101.64
122,Angelo,Monksfield,amonksfield3d@slate.com,Male,109.227.235.8
123,Ware,Floyed,wfloyed3e@wufoo.com,Male,255.111.18.134
124,Caralie,Lealle,clealle3f@hhs.gov,Female,213.158.242.19
125,Kevyn,Brimfield,kbrimfield3g@gov.uk,Female,27.219.162.54
126,Meredeth,Limpricht,mlimpricht3h@tinyurl.com,Male,236.253.142.2
127,Candie,Gregor,cgregor3i@jugem.jp,Female,100.234.126.142
128,Konstance,Levane,klevane3j@unesco.org,Female,168.9.51.224
129,Annabelle,Chilton,achilton3k@parallels.com,Female,130.213.31.56
130,Angelika,Acors,aacors3l@clickbank.net,Female,171.83.51.186
131,Halie,Wintersgill,hwintersgill3m@imdb.com,Female,18.138.133.204
132,Davis,Atty,datty3n@rediff.com,Male,132.114.75.111
133,Lilli,Ludgrove,lludgrove3o@sohu.com,Female,39.90.26.51
134,Marsh,Ainger,mainger3p@google.cn,Male,178.51.10.81
135,Pamela,Graalman,pgraalman3q@pen.io,Female,149.229.122.194
136,Cheslie,Leall,cleall3r@wix.com,Female,71.204.100.246
137,Avivah,Sives,asives3s@fotki.com,Female,53.196.91.152
138,Lian,Speer,lspeer3t@bing.com,Female,228.216.123.68
139,Chase,Shubotham,cshubotham3u@forbes.com,Male,50.85.150.199
140,Emlyn,Tomas,etomas3v@prlog.org,Male,84.245.57.103
141,Dinah,Dulanty,ddulanty3w@topsy.com,Female,147.164.238.59
142,Herbert,Brehat,hbrehat3x@chron.com,Male,215.104.91.77
143,Harland,Schriren,hschriren3y@seesaa.net,Male,188.172.90.83
144,Darby,Garter,dgarter3z@ucsd.edu,Female,83.159.7.21
145,Rebeca,Scaysbrook,rscaysbrook40@t.co,Female,224.179.249.86
146,Joellyn,Varey,jvarey41@yellowbook.com,Female,99.10.18.72
147,Hall,Natwick,hnatwick42@aboutads.info,Male,142.191.223.113
148,Ola,Pescott,opescott43@jigsy.com,Female,120.202.144.105
149,Alecia,Crampton,acrampton44@google.fr,Female,131.70.116.46
150,Chip,Gajownik,cgajownik45@noaa.gov,Male,177.90.32.143
151,Aube,Pinel,apinel46@typepad.com,Male,186.250.243.178
152,Nedda,Mankor,nmankor47@pinterest.com,Female,51.198.128.65
153,Gabrila,Revening,grevening48@stanford.edu,Female,255.180.70.113
154,Kirby,Gabbidon,kgabbidon49@yandex.ru,Male,156.229.68.106
155,Papageno,Bohlens,pbohlens4a@utexas.edu,Male,179.241.106.255
156,Haskell,Chesman,hchesman4b@latimes.com,Male,36.111.246.128
157,Duke,Marcinkowski,dmarcinkowski4c@timesonline.co.uk,Male,142.243.242.62
158,Lynna,Warlton,lwarlton4d@lycos.com,Female,115.38.11.131
159,Gordie,Semonin,gsemonin4e@google.com.hk,Male,134.130.95.247
160,Addy,Britee,abritee4f@harvard.edu,Female,137.90.12.233
161,Desiree,Lacroux,dlacroux4g@go.com,Female,102.243.63.201
162,Norrie,Laroux,nlaroux4h@msn.com,Female,197.237.46.90
163,Zacharia,McCrisken,zmccrisken4i@tripadvisor.com,Male,38.110.160.77
164,Garrott,Petley,gpetley4j@foxnews.com,Male,15.143.175.57
165,Chrissie,Pillifant,cpillifant4k@posterous.com,Female,41.117.222.85
166,Dominique,Smales,dsmales4l@utexas.edu,Male,78.9.166.182
167,Genvieve,Torresi,gtorresi4m@amazonaws.com,Female,145.92.218.46
168,Cornie,Decayette,cdecayette4n@webnode.com,Female,110.69.199.255
169,Cole,Purches,cpurches4o@go.com,Male,80.71.66.27
170,Tandy,Roebuck,troebuck4p@cocolog-nifty.com,Female,14.101.245.11
171,Marieann,Flowerdew,mflowerdew4q@accuweather.com,Female,130.54.240.58
172,Nessy,Crassweller,ncrassweller4r@vimeo.com,Female,10.155.219.141
173,Bobbette,Rothchild,brothchild4s@nbcnews.com,Female,225.71.62.165
174,Hewe,Stennes,hstennes4t@reddit.com,Male,176.56.50.61
175,Raymond,Winteringham,rwinteringham4u@jimdo.com,Male,244.137.12.69
176,Costa,Rousel,crousel4v@amazonaws.com,Male,98.191.238.212
177,Ronald,Lafranconi,rlafranconi4w@people.com.cn,Male,153.38.136.199
178,Eveline,Pheby,epheby4x@hibu.com,Female,47.141.33.82
179,Peyter,Godsell,pgodsell4y@uiuc.edu,Male,43.70.134.119
180,Arel,Lithcow,alithcow4z@mapy.cz,Male,221.172.179.135
181,Judith,Iacomini,jiacomini50@statcounter.com,Female,128.205.109.157
182,Rebeka,Bennetts,rbennetts51@360.cn,Female,148.159.158.67
183,Donavon,Tackley,dtackley52@upenn.edu,Male,240.239.118.194
184,Leon,Pittaway,lpittaway53@jiathis.com,Male,239.61.192.243
185,Holli,Nunns,hnunns54@phoca.cz,Female,204.86.100.86
186,Muffin,McAneny,mmcaneny55@xinhuanet.com,Female,184.246.163.153
187,Niles,Bullus,nbullus56@mapquest.com,Male,10.100.172.176
188,Elihu,Valti,evalti57@biglobe.ne.jp,Male,15.186.173.108
189,Kristien,Pauler,kpauler58@reference.com,Female,69.99.83.210
190,Tanner,Faudrie,tfaudrie59@facebook.com,Male,199.233.240.182
191,Magnum,Pero,mpero5a@wikispaces.com,Male,29.101.65.128
192,Gideon,Howood,ghowood5b@cdc.gov,Male,199.96.22.231
193,Law,Shale,lshale5c@tiny.cc,Male,121.152.10.172
194,Birk,Summerbell,bsummerbell5d@google.de,Male,113.27.174.0
195,Lenette,Brithman,lbrithman5e@unblog.fr,Female,8.128.140.154
196,Patty,Roblin,problin5f@webeden.co.uk,Male,86.157.29.192
197,Lammond,Rean,lrean5g@cnbc.com,Male,62.237.59.135
198,Norman,Judkins,njudkins5h@psu.edu,Male,6.122.39.191
199,Fritz,McGaugan,fmcgaugan5i@webnode.com,Male,78.88.52.167
200,Abbot,MacClancey,amacclancey5j@livejournal.com,Male,68.204.244.19
201,Arabel,Collyer,acollyer5k@nsw.gov.au,Female,3.183.233.253
202,Eudora,Butterley,ebutterley5l@smh.com.au,Female,125.179.115.235
203,Dylan,Glandon,dglandon5m@umn.edu,Male,38.40.234.116
204,Lorrayne,Sedcole,lsedcole5n@walmart.com,Female,16.192.163.239
205,Jacynth,Quigg,jquigg5o@chronoengine.com,Female,212.38.99.161
206,Aeriel,Poley,apoley5p@mit.edu,Female,107.57.182.21
207,Kerstin,Elloit,kelloit5q@google.de,Female,108.100.198.191
208,Carleen,Broschek,cbroschek5r@123-reg.co.uk,Female,213.209.148.136
209,Alex,Chessil,achessil5s@twitpic.com,Female,195.223.4.30
210,Desdemona,Lapere,dlapere5t@reuters.com,Female,20.231.169.206
211,Cyndie,Boulde,cboulde5u@sogou.com,Female,110.80.54.42
212,Nelle,Atthowe,natthowe5v@eepurl.com,Female,142.235.147.140
213,Farica,Grealish,fgrealish5w@sun.com,Female,130.37.6.250
214,Rodolfo,Mudle,rmudle5x@oracle.com,Male,184.167.194.231
215,Elston,Bowmen,ebowmen5y@amazon.co.uk,Male,246.146.130.118
216,Gene,Sang,gsang5z@dailymotion.com,Female,130.61.141.222
217,Sharla,Belamy,sbelamy60@sfgate.com,Female,44.245.53.191
218,Etti,Woolner,ewoolner61@china.com.cn,Female,162.187.59.91
219,Arny,Bertelmot,abertelmot62@freewebs.com,Male,127.76.30.204
220,Celina,Mackriell,cmackriell63@elegantthemes.com,Female,114.180.104.20
221,Ninnette,Barrass,nbarrass64@merriam-webster.com,Female,243.153.170.96
222,Claudell,Friett,cfriett65@arizona.edu,Male,151.212.109.26
223,Hervey,Haney`,hhaney66@nifty.com,Male,178.18.116.145
224,Rorke,Cinavas,rcinavas67@adobe.com,Male,76.30.243.199
225,Kylynn,Fyndon,kfyndon68@google.ru,Female,20.39.216.32
226,Trude,Covill,tcovill69@aboutads.info,Female,15.101.216.26
227,Imogene,Slowan,islowan6a@china.com.cn,Female,210.227.177.213
228,Abel,McAsgill,amcasgill6b@google.co.uk,Male,244.86.122.168
229,Wadsworth,Lenney,wlenney6c@jugem.jp,Male,14.83.84.78
230,Steve,Brawley,sbrawley6d@oakley.com,Male,56.187.182.197
231,Sisely,Otridge,sotridge6e@ed.gov,Female,103.2.26.43
232,Carlo,Dudney,cdudney6f@php.net,Male,227.158.77.150
233,Brendin,Blint,bblint6g@netscape.com,Male,242.68.21.187
234,Jyoti,Vanichkin,jvanichkin6h@istockphoto.com,Female,18.116.203.27
235,Stace,Calveley,scalveley6i@businessweek.com,Female,23.68.81.254
236,Beatrice,Nono,bnono6j@statcounter.com,Female,94.145.114.10
237,Jerrylee,Bristo,jbristo6k@wix.com,Female,82.192.62.210
238,Casper,Alcalde,calcalde6l@intel.com,Male,58.96.4.17
239,Evvy,Labes,elabes6m@auda.org.au,Female,93.54.187.143
240,Burch,Beurich,bbeurich6n@sohu.com,Male,96.34.151.23
241,Aidan,Longea,alongea6o@soundcloud.com,Female,115.5.208.155
242,Nevile,Tomczykiewicz,ntomczykiewicz6p@globo.com,Male,67.1.126.171
243,Annamaria,Myrick,amyrick6q@friendfeed.com,Female,247.101.208.119
244,Trenna,Birdwhistle,tbirdwhistle6r@narod.ru,Female,251.28.159.27
245,Drucie,Haisell,dhaisell6s@tripadvisor.com,Female,250.159.135.129
246,Arabela,Durham,adurham6t@umich.edu,Female,205.242.66.155
247,Martie,Fosdyke,mfosdyke6u@altervista.org,Male,233.230.14.97
248,Ramonda,Lascell,rlascell6v@miibeian.gov.cn,Female,87.96.56.63
249,Kevyn,Burghill,kburghill6w@pen.io,Female,9.125.60.50
250,Shepherd,Duncombe,sduncombe6x@cbsnews.com,Male,253.60.20.151
251,Marysa,Corkel,mcorkel6y@senate.gov,Female,170.126.217.118
252,Fitz,Middlemiss,fmiddlemiss6z@chron.com,Male,100.161.207.162
253,Alma,Bayley,abayley70@360.cn,Female,108.129.29.99
254,Nananne,Prisk,nprisk71@nyu.edu,Female,180.165.188.42
255,Annabella,Bosward,abosward72@mozilla.org,Female,11.50.88.30
256,Grantham,Mellmer,gmellmer73@cnbc.com,Male,116.199.82.191
257,Wilhelmina,Trahearn,wtrahearn74@example.com,Female,235.24.18.228
258,Angele,Lates,alates75@shutterfly.com,Female,63.174.115.191
259,Gerald,Burtonwood,gburtonwood76@bbb.org,Male,239.142.34.133
260,Jilly,Gladwell,jgladwell77@house.gov,Female,81.71.159.64
261,Kermy,Gostling,kgostling78@sciencedaily.com,Male,77.57.77.244
262,Rahal,Grishakov,rgrishakov79@businessweek.com,Female,169.251.28.191
263,Jared,Quest,jquest7a@usgs.gov,Male,236.219.205.146
264,Chuck,Levett,clevett7b@instagram.com,Male,200.169.164.222
265,Stephanus,Sanbroke,ssanbroke7c@freewebs.com,Male,233.8.229.154
266,Elvina,Middle,emiddle7d@nba.com,Female,230.235.122.99
267,Jeremiah,Picot,jpicot7e@scribd.com,Male,74.31.110.68
268,Maribeth,Toplis,mtoplis7f@vkontakte.ru,Female,87.247.6.117
269,Cherise,Rozec,crozec7g@alexa.com,Female,206.116.93.8
270,Care,Markwick,cmarkwick7h@prlog.org,Male,220.47.239.152
271,Beret,Cathro,bcathro7i@globo.com,Female,19.94.45.209
272,Terri,Sandison,tsandison7j@auda.org.au,Male,156.82.39.124
273,Christabel,Scrammage,cscrammage7k@sourceforge.net,Female,138.225.66.46
274,Perla,Ingraham,pingraham7l@forbes.com,Female,37.244.26.18
275,Phoebe,Burdekin,pburdekin7m@icio.us,Female,50.19.7.160
276,Lind,Shirt,lshirt7n@technorati.com,Male,193.20.125.93
277,Hobie,Dannohl,hdannohl7o@adobe.com,Male,239.241.42.171
278,Northrup,Pache,npache7p@house.gov,Male,75.80.122.151
279,Giorgia,Gainor,ggainor7q@zimbio.com,Female,148.253.235.102
280,Linette,Bernade,lbernade7r@multiply.com,Female,207.23.231.247
281,Gary,Kenaway,gkenaway7s@dyndns.org,Male,245.152.189.230
282,Humberto,Meegan,hmeegan7t@flickr.com,Male,82.123.71.5
283,Tulley,Haggett,thaggett7u@mac.com,Male,209.40.81.0
284,Donovan,Dallon,ddallon7v@biblegateway.com,Male,34.94.138.146
285,Alexia,Simyson,asimyson7w@feedburner.com,Female,69.169.128.141
286,Cece,Colebrook,ccolebrook7x@cmu.edu,Male,110.253.168.219
287,Gunner,Elcock,gelcock7y@myspace.com,Male,103.179.51.38
288,Noam,Chaudret,nchaudret7z@shutterfly.com,Male,134.204.88.165
289,Dorothee,Glendza,dglendza80@sogou.com,Female,199.170.66.79
290,Gussie,Wannes,gwannes81@topsy.com,Female,190.147.23.122
291,Phillipe,Dabell,pdabell82@tuttocitta.it,Male,179.43.181.20
292,Pierre,Tracy,ptracy83@plala.or.jp,Male,224.50.132.96
293,Maximilien,Salvatore,msalvatore84@cnbc.com,Male,231.252.200.56
294,Eleni,Outram,eoutram85@ameblo.jp,Female,45.112.242.238
295,Cirstoforo,Prandini,cprandini86@slashdot.org,Male,2.209.1.7
296,Lizzy,Dignam,ldignam87@shareasale.com,Female,48.203.148.30
297,Aksel,Boardman,aboardman88@home.pl,Male,34.13.87.146
298,Max,Bellows,mbellows89@howstuffworks.com,Female,30.200.158.65
299,Gregoire,Gilluley,ggilluley8a@hexun.com,Male,204.255.206.174
300,Mayer,Coltart,mcoltart8b@tumblr.com,Male,186.86.174.60
301,Bettine,Bouda,bbouda8c@sohu.com,Female,5.125.217.45
302,Geralda,Laity,glaity8d@angelfire.com,Female,70.125.8.231
303,Horatia,Spadelli,hspadelli8e@devhub.com,Female,149.15.78.254
304,Shelbi,Giscken,sgiscken8f@uiuc.edu,Female,109.21.85.176
305,Gabriele,Crisall,gcrisall8g@blog.com,Male,107.18.48.155
306,Lark,Nollet,lnollet8h@goo.ne.jp,Female,80.247.160.51
307,Miriam,Dwane,mdwane8i@businessinsider.com,Female,226.238.96.214
308,Weber,Pakes,wpakes8j@phoca.cz,Male,191.54.156.202
309,Jacky,Lamplough,jlamplough8k@baidu.com,Female,237.74.190.207
310,Katusha,Marfield,kmarfield8l@ucsd.edu,Female,114.70.239.96
311,Emmalyn,Merigeau,emerigeau8m@yellowbook.com,Female,231.49.237.51
312,Romeo,Davion,rdavion8n@cornell.edu,Male,153.225.174.211
313,Lonnie,Balcombe,lbalcombe8o@blinklist.com,Female,159.18.20.104
314,Yank,Geist,ygeist8p@mapy.cz,Male,207.29.122.11
315,Henderson,Wordesworth,hwordesworth8q@google.com.br,Male,181.36.58.159
316,Gunar,Mason,gmason8r@jimdo.com,Male,70.151.83.143
317,Trina,Pauer,tpauer8s@theatlantic.com,Female,125.242.128.126
318,Woodie,Bird,wbird8t@army.mil,Male,29.241.170.6
319,Karoline,Fairnie,kfairnie8u@homestead.com,Female,174.138.123.222
320,Betty,Gossipin,bgossipin8v@mac.com,Female,105.255.147.163
321,Web,Sebley,wsebley8w@fema.gov,Male,182.62.226.37
322,Jarred,Barbier,jbarbier8x@e-recht24.de,Male,160.41.106.115
323,Deina,Elcox,delcox8y@yahoo.com,Female,44.8.60.236
324,Glenn,Ackland,gackland8z@earthlink.net,Male,62.234.177.215
325,Jobie,Bahde,jbahde90@admin.ch,Female,40.202.255.125
326,Basilio,Orrell,borrell91@timesonline.co.uk,Male,211.45.13.2
327,Lilah,O'Tuohy,lotuohy92@cdbaby.com,Female,20.76.127.3
328,Lyle,Cosbey,lcosbey93@jiathis.com,Male,14.170.187.148
329,Shandra,Andress,sandress94@1688.com,Female,255.94.9.199
330,Quintana,Vesty,qvesty95@forbes.com,Female,14.98.6.123
331,Arron,Busek,abusek96@feedburner.com,Male,242.24.198.65
332,Tabby,Coram,tcoram97@sakura.ne.jp,Female,11.90.61.43
333,Almeta,Side,aside98@senate.gov,Female,99.140.163.30
334,Irene,Stagg,istagg99@chicagotribune.com,Female,71.125.141.96
335,Benton,Rolley,brolley9a@webnode.com,Male,186.46.146.226
336,Vincenz,Birts,vbirts9b@weibo.com,Male,174.253.162.170
337,Vinnie,Veldstra,vveldstra9c@google.ca,Female,108.226.107.167
338,Cal,Aaronson,caaronson9d@hostgator.com,Male,62.162.214.57
339,Frederik,Luparto,fluparto9e@eepurl.com,Male,150.192.0.130
340,Rasla,Cutress,rcutress9f@disqus.com,Female,33.156.247.92
341,Isabeau,Sor,isor9g@canalblog.com,Female,231.99.229.133
342,Nedi,Jenoure,njenoure9h@engadget.com,Female,193.76.232.73
343,Perry,Gibbens,pgibbens9i@theglobeandmail.com,Female,242.97.39.25
344,Gilli,Hawkett,ghawkett9j@blinklist.com,Female,58.146.82.252
345,Ardisj,Bollands,abollands9k@domainmarket.com,Female,120.65.143.5
346,Craig,Huddleston,chuddleston9l@example.com,Male,203.57.124.142
347,Waly,Clague,wclague9m@archive.org,Female,186.241.206.115
348,Renell,Faireclough,rfaireclough9n@miitbeian.gov.cn,Female,249.92.139.247
349,Alf,Lumley,alumley9o@si.edu,Male,125.22.48.135
350,Gaelan,Mourant,gmourant9p@friendfeed.com,Male,187.197.30.59
351,Nancie,Orgen,norgen9q@163.com,Female,83.195.207.218
352,Sheffy,Orr,sorr9r@barnesandnoble.com,Male,129.57.112.71
353,Whitney,Skeldon,wskeldon9s@ucla.edu,Female,84.239.28.143
354,Nicola,Durtnell,ndurtnell9t@mayoclinic.com,Male,121.162.53.115
355,Devi,Entres,dentres9u@phoca.cz,Female,14.13.222.47
356,Clemence,Fockes,cfockes9v@springer.com,Female,16.114.140.212
357,Juditha,Kerbey,jkerbey9w@artisteer.com,Female,253.64.179.22
358,Adah,Catterill,acatterill9x@pcworld.com,Female,92.109.88.183
359,Liva,Cass,lcass9y@bbb.org,Female,164.77.156.208
360,Noell,Coorington,ncoorington9z@hubpages.com,Female,3.161.222.252
361,Sara,Heaviside,sheavisidea0@so-net.ne.jp,Female,112.197.58.148
362,Stu,Hinze,shinzea1@dell.com,Male,29.62.52.55
363,Stu,Jayume,sjayumea2@smugmug.com,Male,238.221.76.238
364,Guendolen,Stollhofer,gstollhofera3@unesco.org,Female,195.114.242.119
365,Zak,Hartland,zhartlanda4@comcast.net,Male,158.217.219.110
366,Gardener,Padson,gpadsona5@github.io,Male,25.234.240.47
367,Kamillah,Buston,kbustona6@msn.com,Female,9.127.44.223
368,Dunn,Palfery,dpalferya7@auda.org.au,Male,78.129.49.33
369,Berton,aManger,bamangera8@washingtonpost.com,Male,92.3.157.21
370,Hannah,Cottom,hcottoma9@yolasite.com,Female,190.87.174.220
371,Briny,Chrippes,bchrippesaa@umn.edu,Female,156.62.146.37
372,Rriocard,Wagen,rwagenab@blogger.com,Male,69.84.33.244
373,Morissa,Shearstone,mshearstoneac@answers.com,Female,117.185.208.218
374,Neda,MacKintosh,nmackintoshad@ucla.edu,Female,19.205.217.31
375,Isa,Arnholtz,iarnholtzae@princeton.edu,Female,185.119.205.120
376,Delmer,Castellaccio,dcastellaccioaf@blogtalkradio.com,Male,201.73.128.208
377,Konstantine,Dowle,kdowleag@wordpress.org,Male,63.68.201.5
378,Hermie,Bembrick,hbembrickah@lulu.com,Male,244.85.201.208
379,Sonya,Whitwam,swhitwamai@joomla.org,Female,216.51.173.99
380,Florida,Lade,fladeaj@spiegel.de,Female,164.192.56.193
381,Clarice,Prattington,cprattingtonak@4shared.com,Female,97.146.227.22
382,Josiah,Kunkel,jkunkelal@ask.com,Male,165.58.0.156
383,Shurlocke,Frankum,sfrankumam@creativecommons.org,Male,80.115.64.216
384,Francis,Lacasa,flacasaan@photobucket.com,Male,12.84.223.79
385,Hollyanne,Giovannacci,hgiovannacciao@goodreads.com,Female,155.242.228.37
386,Murvyn,Minear,mminearap@wufoo.com,Male,98.35.1.13
387,Gerik,Roddick,groddickaq@mediafire.com,Male,192.49.235.54
388,Ulrich,Sarge,usargear@google.pl,Male,142.223.247.176
389,Othelia,Caldaro,ocaldaroas@mit.edu,Female,73.108.182.238
390,Emeline,Piche,epicheat@mlb.com,Female,188.199.238.71
391,Corrie,Benneyworth,cbenneyworthau@friendfeed.com,Female,128.57.73.213
392,Nanice,Huxstep,nhuxstepav@about.com,Female,37.41.103.11
393,Stacy,Magnay,smagnayaw@canalblog.com,Female,180.227.252.84
394,Jeniece,Mongin,jmonginax@vimeo.com,Female,117.188.239.162
395,Callida,Tesimon,ctesimonay@comcast.net,Female,192.185.131.223
396,Jinny,Hawking,jhawkingaz@dell.com,Female,28.83.17.73
397,Vicki,Ransom,vransomb0@desdev.cn,Female,197.157.88.73
398,Zenia,Sich,zsichb1@ca.gov,Female,230.116.194.39
399,Joby,Scaddon,jscaddonb2@myspace.com,Female,253.24.69.45
400,Meara,Gilhooly,mgilhoolyb3@state.gov,Female,74.94.161.154
401,Perri,Luis,pluisb4@bloglovin.com,Female,166.67.8.1
402,Rodge,Giacaponi,rgiacaponib5@si.edu,Male,23.27.164.193
403,Deny,Gyngell,dgyngellb6@desdev.cn,Female,142.68.86.230
404,Philbert,Traut,ptrautb7@ask.com,Male,64.167.150.132
405,Maisie,Frazer,mfrazerb8@photobucket.com,Female,5.173.224.234
406,Felipe,Shales,fshalesb9@squidoo.com,Male,243.42.175.101
407,Jennine,Beards,jbeardsba@friendfeed.com,Female,93.71.224.127
408,Alick,Chazette,achazettebb@exblog.jp,Male,155.36.231.133
409,Candy,McMains,cmcmainsbc@ibm.com,Female,84.92.80.11
410,Malvina,Dillet,mdilletbd@blogger.com,Female,195.236.192.195
411,Susi,Duckerin,sduckerinbe@cnet.com,Female,9.130.31.45
412,Pepe,Feldhuhn,pfeldhuhnbf@nba.com,Male,144.5.121.80
413,Ahmed,Bitten,abittenbg@ucla.edu,Male,186.0.238.136
414,Frederick,Halbard,fhalbardbh@nsw.gov.au,Male,10.2.90.51
415,Selig,Cauthra,scauthrabi@ucsd.edu,Male,248.183.248.233
416,Gibby,Hacket,ghacketbj@spiegel.de,Male,114.180.187.203
417,Nellie,Benion,nbenionbk@marriott.com,Female,224.207.197.210
418,Anitra,Rootes,arootesbl@wisc.edu,Female,71.132.178.74
419,Cecil,Behrendsen,cbehrendsenbm@spotify.com,Male,98.195.240.42
420,Malchy,McEwen,mmcewenbn@exblog.jp,Male,30.58.129.16
421,Xerxes,Hulstrom,xhulstrombo@symantec.com,Male,20.143.19.103
422,Benedict,Tortis,btortisbp@merriam-webster.com,Male,194.58.170.241
423,Jacquenetta,Bickerstaffe,jbickerstaffebq@tripadvisor.com,Female,0.170.3.122
424,Richardo,Hadgkiss,rhadgkissbr@yellowpages.com,Male,80.86.97.187
425,Nanine,Lafferty,nlaffertybs@friendfeed.com,Female,38.17.172.144
426,Anderea,Robatham,arobathambt@aboutads.info,Female,163.215.96.127
427,Stillmann,Benny,sbennybu@google.fr,Male,199.7.183.9
428,Graehme,Vasnev,gvasnevbv@cnbc.com,Male,194.203.174.75
429,Eydie,Cholonin,echoloninbw@last.fm,Female,79.145.140.42
430,Sarette,Cownden,scowndenbx@cnn.com,Female,3.141.211.117
431,Shaina,Habbal,shabbalby@foxnews.com,Female,129.88.115.252
432,Noelani,Pentecost,npentecostbz@gmpg.org,Female,185.251.36.92
433,Milo,Chasteney,mchasteneyc0@bbc.co.uk,Male,233.211.90.38
434,Maribeth,Diviney,mdivineyc1@1und1.de,Female,91.157.120.39
435,Trevor,Bilborough,tbilboroughc2@mediafire.com,Male,113.47.73.45
436,Darby,Walczynski,dwalczynskic3@xrea.com,Female,136.92.223.169
437,Aigneis,Kless,aklessc4@e-recht24.de,Female,102.157.218.148
438,Kippy,Bredbury,kbredburyc5@com.com,Female,63.198.73.137
439,Ines,Gilyatt,igilyattc6@admin.ch,Female,119.205.122.2
440,Aluin,Cosans,acosansc7@google.fr,Male,193.142.102.82
441,Ardeen,Long,alongc8@ycombinator.com,Female,126.226.128.42
442,William,Langthorne,wlangthornec9@hubpages.com,Male,230.4.8.198
443,Bernard,Burehill,bburehillca@mozilla.org,Male,242.234.248.158
444,Marrissa,Ferrotti,mferrotticb@sciencedirect.com,Female,8.246.9.120
445,Thekla,Nunan,tnunancc@parallels.com,Female,172.118.32.82
446,Upton,Mullaney,umullaneycd@eepurl.com,Male,255.70.199.230
447,Clem,Woollcott,cwoollcottce@berkeley.edu,Male,200.51.58.133
448,Zebulon,Etock,zetockcf@whitehouse.gov,Male,221.31.69.7
449,Caron,Campling,ccamplingcg@discovery.com,Female,97.32.110.32
450,Correy,Wolsey,cwolseych@ca.gov,Female,140.94.159.240
451,Hercule,Beddoe,hbeddoeci@deliciousdays.com,Male,151.111.189.24
452,Spike,Corbin,scorbincj@dailymotion.com,Male,17.140.87.21
453,Abby,Hurle,ahurleck@printfriendly.com,Male,221.216.159.243
454,Selena,Collop,scollopcl@webmd.com,Female,51.184.199.98
455,Nessy,Yeld,nyeldcm@unesco.org,Female,197.40.84.164
456,Flora,Frears,ffrearscn@macromedia.com,Female,31.38.110.52
457,Laney,Turbat,lturbatco@wix.com,Male,57.131.8.235
458,Orbadiah,Proudlock,oproudlockcp@sitemeter.com,Male,17.158.155.75
459,Nannie,MacPaike,nmacpaikecq@networksolutions.com,Female,4.219.255.230
460,Yul,De Andisie,ydeandisiecr@zimbio.com,Male,122.5.176.40
461,Jesse,Britten,jbrittencs@digg.com,Male,188.55.55.144
462,Fredrika,Fennelly,ffennellyct@imageshack.us,Female,59.241.44.246
463,Eddy,Hale,ehalecu@geocities.jp,Male,138.180.164.201
464,Arthur,Golden,agoldencv@tripadvisor.com,Male,64.143.50.160
465,Karil,Scotney,kscotneycw@forbes.com,Female,239.45.136.129
466,Kendall,Neaverson,kneaversoncx@wordpress.org,Male,239.110.150.243
467,Meyer,Dumingos,mdumingoscy@cdc.gov,Male,125.148.248.156
468,Jessika,Spering,jsperingcz@cafepress.com,Female,85.102.3.204
469,Devonna,Glancey,dglanceyd0@nyu.edu,Female,250.171.33.239
470,Lief,Bartles,lbartlesd1@senate.gov,Male,111.12.91.163
471,Alwin,Beamond,abeamondd2@admin.ch,Male,44.8.40.210
472,Suzy,Ainsby,sainsbyd3@hibu.com,Female,47.239.27.201
473,Curran,Guillotin,cguillotind4@microsoft.com,Male,46.245.26.108
474,Faith,Harry,fharryd5@wix.com,Female,10.69.142.253
475,Kenyon,Lording,klordingd6@ameblo.jp,Male,154.53.151.21
476,Agosto,Struan,astruand7@psu.edu,Male,81.95.220.122
477,Berne,Fetter,bfetterd8@prweb.com,Male,217.5.5.32
478,Uriel,Orrum,uorrumd9@amazon.co.jp,Male,236.79.249.229
479,Margy,Gidley,mgidleyda@home.pl,Female,99.100.219.169
480,Heath,Tolland,htollanddb@oracle.com,Female,151.178.144.168
481,Tam,Massei,tmasseidc@parallels.com,Male,160.200.46.239
482,Mickie,Yitzhok,myitzhokdd@google.ca,Male,188.13.113.64
483,Blair,Lintott,blintottde@paginegialle.it,Male,184.207.184.204
484,Goraud,Pietersma,gpietersmadf@psu.edu,Male,143.251.56.246
485,Jacob,Attridge,jattridgedg@stanford.edu,Male,33.210.130.165
486,Vilhelmina,Hendonson,vhendonsondh@usgs.gov,Female,13.52.180.214
487,Maura,Tarr,mtarrdi@ftc.gov,Female,197.164.63.118
488,Dallas,Ferneyhough,dferneyhoughdj@discuz.net,Male,146.133.134.24
489,Homer,Richley,hrichleydk@people.com.cn,Male,168.26.0.8
490,Bria,Featherbie,bfeatherbiedl@networksolutions.com,Female,133.201.137.91
491,Phyllis,Penvarne,ppenvarnedm@netvibes.com,Female,25.28.244.104
492,Vlad,Barthel,vbartheldn@infoseek.co.jp,Male,196.183.167.201
493,Herrick,Churches,hchurchesdo@fastcompany.com,Male,232.227.31.12
494,Cory,Franca,cfrancadp@biglobe.ne.jp,Male,247.238.208.14
495,Melloney,Hutchinges,mhutchingesdq@yolasite.com,Female,199.85.159.13
496,Jordain,Henrionot,jhenrionotdr@forbes.com,Female,130.5.250.209
497,Rudolfo,Berrisford,rberrisfordds@naver.com,Male,177.174.55.32
498,Camille,Gamwell,cgamwelldt@auda.org.au,Female,199.31.99.121
499,Brittney,Kirimaa,bkirimaadu@toplist.cz,Female,137.218.180.212
500,Gussie,Bendley,gbendleydv@deliciousdays.com,Female,139.76.163.87
501,Marshall,Capehorn,mcapehorndw@vistaprint.com,Male,149.174.130.62
502,Inesita,Starton,istartondx@joomla.org,Female,195.69.242.171
503,Romeo,Greenhalf,rgreenhalfdy@myspace.com,Male,98.14.22.241
504,Marjie,Ison,misondz@blogtalkradio.com,Female,185.172.44.232
505,Thatch,Borrell,tborrelle0@stanford.edu,Male,72.100.125.201
506,Osbert,Gilardengo,ogilardengoe1@mail.ru,Male,112.118.37.135
507,Darius,Falls,dfallse2@usda.gov,Male,174.133.33.228
508,Willabella,Bewly,wbewlye3@booking.com,Female,42.191.62.34
509,Dov,Norheny,dnorhenye4@shutterfly.com,Male,71.3.254.252
510,Diana,Sharratt,dsharratte5@weebly.com,Female,229.41.210.8
511,Mady,Devlin,mdevline6@trellian.com,Female,7.27.27.9
512,Caitrin,Staden,cstadene7@artisteer.com,Female,251.116.26.218
513,Kaylil,Verey,kvereye8@prlog.org,Female,82.122.139.247
514,Jeffry,Barthelmes,jbarthelmese9@deviantart.com,Male,189.170.168.23
515,Aldwin,Bicksteth,abickstethea@skyrock.com,Male,232.168.9.56
516,Frederique,Klewer,fklewereb@cyberchimps.com,Female,0.157.29.239
517,Vasily,Parsonson,vparsonsonec@mapy.cz,Male,63.65.96.39
518,Janis,Nelthorp,jnelthorped@comsenz.com,Female,130.148.247.84
519,Torre,Absalom,tabsalomee@goodreads.com,Male,183.236.36.68
520,Darwin,Iwanicki,diwanickief@mapy.cz,Male,252.115.67.140
521,Welsh,Kelsall,wkelsalleg@cbsnews.com,Male,74.104.78.133
522,Ailis,Whitehead,awhiteheadeh@telegraph.co.uk,Female,74.24.140.213
523,Dru,Kayzer,dkayzerei@squarespace.com,Male,99.193.244.163
524,Deeanne,Abelevitz,dabelevitzej@1und1.de,Female,84.239.55.226
525,Sterne,Dunkinson,sdunkinsonek@usda.gov,Male,104.44.217.191
526,Guido,Hirschmann,ghirschmannel@list-manage.com,Male,33.122.167.231
527,Marijn,Brentnall,mbrentnallem@xrea.com,Male,44.104.195.204
528,Kinny,Dodgshon,kdodgshonen@spotify.com,Male,7.84.186.13
529,Jeri,Asmus,jasmuseo@edublogs.org,Female,99.196.168.162
530,Talya,Cairney,tcairneyep@ebay.com,Female,10.124.220.89
531,Milton,Pirrone,mpirroneeq@baidu.com,Male,127.101.252.59
532,Allis,Hammer,ahammerer@blogs.com,Female,45.85.237.78
533,Alva,Sparshott,asparshottes@si.edu,Male,211.92.84.142
534,Mayne,Holton,mholtonet@cisco.com,Male,145.130.186.38
535,Nedda,McKeag,nmckeageu@businessweek.com,Female,35.112.245.90
536,Orsola,Philcott,ophilcottev@who.int,Female,41.74.102.102
537,Griffie,Hendin,ghendinew@harvard.edu,Male,170.199.161.180
538,Benetta,McKew,bmckewex@utexas.edu,Female,48.150.171.118
539,Gratiana,Kryszka,gkryszkaey@multiply.com,Female,171.113.250.4
540,Mateo,Witherow,mwitherowez@google.com.au,Male,62.140.126.13
541,Fairleigh,Wennington,fwenningtonf0@dailymail.co.uk,Male,27.31.216.140
542,Huberto,Lydden,hlyddenf1@loc.gov,Male,203.168.129.231
543,Jeremiah,Mabee,jmabeef2@google.nl,Male,155.177.128.171
544,Stinky,Barwick,sbarwickf3@storify.com,Male,12.8.242.94
545,Shadow,Treffry,streffryf4@deliciousdays.com,Male,31.40.1.0
546,Hernando,Quade,hquadef5@abc.net.au,Male,217.142.139.142
547,Tabatha,Fidge,tfidgef6@cloudflare.com,Female,48.54.167.62
548,Regan,Shurville,rshurvillef7@about.com,Female,30.103.47.115
549,Thibaud,Ledford,tledfordf8@irs.gov,Male,198.112.253.208
550,Arny,Chessel,achesself9@java.com,Male,234.197.69.77
551,Iggie,Suggey,isuggeyfa@printfriendly.com,Male,42.167.187.230
552,Ches,Mattersley,cmattersleyfb@kickstarter.com,Male,31.226.194.232
553,Dehlia,Mews,dmewsfc@wiley.com,Female,77.113.161.152
554,Angela,Fearby,afearbyfd@bbb.org,Female,251.240.111.238
555,Eddie,Wayne,ewaynefe@amazon.co.jp,Female,134.0.200.213
556,Chevy,Cawdron,ccawdronff@livejournal.com,Male,235.150.121.174
557,Dewey,Biaggioli,dbiaggiolifg@washington.edu,Male,65.21.228.19
558,Theresita,Jarlmann,tjarlmannfh@delicious.com,Female,171.239.23.88
559,Nolan,Dinsey,ndinseyfi@domainmarket.com,Male,119.136.200.200
560,Fifi,Kroch,fkrochfj@ustream.tv,Female,179.96.30.12
561,Saloma,Shovelbottom,sshovelbottomfk@yandex.ru,Female,254.105.113.238
562,Kimmie,Eddoes,keddoesfl@hud.gov,Female,24.130.76.118
563,Murial,Moreton,mmoretonfm@theguardian.com,Female,71.129.158.45
564,Jeri,Oriel,jorielfn@ebay.co.uk,Female,90.17.242.78
565,Hamel,Ritchie,hritchiefo@pinterest.com,Male,24.204.211.145
566,Rodd,Koche,rkochefp@1688.com,Male,153.201.66.222
567,Bil,Burdytt,bburdyttfq@symantec.com,Male,92.178.178.134
568,Ilsa,Ottiwill,iottiwillfr@biglobe.ne.jp,Female,26.252.110.204
569,Liliane,Snaddin,lsnaddinfs@narod.ru,Female,79.187.46.68
570,Marsha,Trees,mtreesft@senate.gov,Female,162.35.151.70
571,Merrili,Penner,mpennerfu@dedecms.com,Female,184.235.129.174
572,Winn,Althorpe,walthorpefv@last.fm,Male,155.252.155.204
573,Alex,Adenot,aadenotfw@blog.com,Male,94.202.203.209
574,Cherin,Gooderidge,cgooderidgefx@instagram.com,Female,88.11.130.19
575,Christy,Bensen,cbensenfy@cargocollective.com,Male,151.42.5.113
576,Nicol,Snibson,nsnibsonfz@twitter.com,Female,178.40.90.193
577,Hetty,Ambroise,hambroiseg0@msn.com,Female,230.28.61.45
578,Sada,McMarquis,smcmarquisg1@biblegateway.com,Female,53.21.11.202
579,Gard,McFeate,gmcfeateg2@hc360.com,Male,124.11.130.72
580,Riva,Imison,rimisong3@theguardian.com,Female,161.130.145.234
581,Maximilianus,Litzmann,mlitzmanng4@vk.com,Male,31.90.115.96
582,Brooke,Treadaway,btreadawayg5@bloglovin.com,Female,63.211.133.190
583,Reamonn,Braybrook,rbraybrookg6@livejournal.com,Male,209.137.204.31
584,Darbie,Finlay,dfinlayg7@thetimes.co.uk,Female,83.224.242.177
585,Florance,Schwartz,fschwartzg8@umich.edu,Female,46.21.203.51
586,Desi,Geffen,dgeffeng9@miitbeian.gov.cn,Male,10.137.172.106
587,Bunny,Perkin,bperkinga@hao123.com,Female,56.18.205.165
588,Raviv,Halvorsen,rhalvorsengb@free.fr,Male,174.204.208.47
589,Bette-ann,Pennings,bpenningsgc@illinois.edu,Female,172.5.80.247
590,Josie,Blacklidge,jblacklidgegd@gizmodo.com,Female,120.177.90.139
591,Revkah,Skyme,rskymege@hc360.com,Female,112.214.50.75
592,Randi,Edington,redingtongf@amazon.com,Male,139.77.101.64
593,Ram,Briddle,rbriddlegg@cocolog-nifty.com,Male,131.140.181.249
594,Yvonne,Bowry,ybowrygh@flickr.com,Female,108.216.195.212
595,Janos,McNiven,jmcnivengi@artisteer.com,Male,9.142.188.88
596,Connor,Megahey,cmegaheygj@indiegogo.com,Male,78.77.102.34
597,Valdemar,Banfill,vbanfillgk@facebook.com,Male,197.155.75.90
598,Brigitta,Boutellier,bboutelliergl@cafepress.com,Female,3.247.30.223
599,Miof mela,Tregidga,mtregidgagm@alibaba.com,Female,48.0.183.67
600,Risa,Derrell,rderrellgn@imdb.com,Female,75.4.96.70
601,Katrina,Colthurst,kcolthurstgo@abc.net.au,Female,5.124.253.16
602,Elle,Wilcott,ewilcottgp@bizjournals.com,Female,73.111.46.20
603,Fabio,Deave,fdeavegq@friendfeed.com,Male,158.71.249.213
604,Baillie,Tooting,btootinggr@uol.com.br,Male,232.217.118.87
605,Helen-elizabeth,Caesar,hcaesargs@is.gd,Female,25.184.63.6
606,Damaris,Knudsen,dknudsengt@e-recht24.de,Female,168.79.43.93
607,Demetrius,Mumbey,dmumbeygu@salon.com,Male,240.180.168.253
608,Rockwell,Hayes,rhayesgv@elegantthemes.com,Male,236.172.61.162
609,Mathian,Langlais,mlanglaisgw@un.org,Male,191.161.139.221
610,Staford,Matuskiewicz,smatuskiewiczgx@printfriendly.com,Male,205.232.23.65
611,Woodman,Reyburn,wreyburngy@census.gov,Male,203.101.95.197
612,Leia,McCuffie,lmccuffiegz@taobao.com,Female,142.97.239.126
613,Gayleen,Broadey,gbroadeyh0@msn.com,Female,191.164.215.105
614,Nissie,Cullinan,ncullinanh1@engadget.com,Female,10.174.94.154
615,Nickie,Gouldbourn,ngouldbournh2@printfriendly.com,Female,158.214.254.181
616,Corri,Marrows,cmarrowsh3@networkadvertising.org,Female,255.154.228.37
617,Melessa,Simenot,msimenoth4@techcrunch.com,Female,85.116.192.16
618,Reider,Guillart,rguillarth5@washington.edu,Male,251.222.157.137
619,Adams,Saintpierre,asaintpierreh6@gravatar.com,Male,145.201.177.98
620,Malinda,Trotter,mtrotterh7@skype.com,Female,21.74.206.28
621,Rania,Clewley,rclewleyh8@biblegateway.com,Female,217.209.39.158
622,Jaquenetta,Filon,jfilonh9@howstuffworks.com,Female,209.6.255.150
623,Karlens,Willmer,kwillmerha@scientificamerican.com,Male,42.168.126.29
624,Rafe,Babe,rbabehb@wp.com,Male,15.10.106.28
625,Rutherford,Sieb,rsiebhc@cbsnews.com,Male,32.151.250.184
626,Jobina,Chate,jchatehd@zimbio.com,Female,7.164.205.156
627,Moise,Ludwig,mludwighe@nsw.gov.au,Male,93.162.22.57
628,Chester,Beeres,cbeereshf@shop-pro.jp,Male,15.142.142.128
629,Ced,Kenwin,ckenwinhg@sogou.com,Male,249.227.159.218
630,Ofella,MacCook,omaccookhh@tuttocitta.it,Female,1.222.55.40
631,Barbey,Wearing,bwearinghi@patch.com,Female,157.200.100.101
632,Constantina,Balshaw,cbalshawhj@nasa.gov,Female,70.212.181.95
633,Opaline,Corro,ocorrohk@mayoclinic.com,Female,74.37.138.118
634,Damita,McCuffie,dmccuffiehl@ftc.gov,Female,231.222.133.3
635,Kenton,Juszczyk,kjuszczykhm@desdev.cn,Male,85.208.80.235
636,Dannie,Hatrey,dhatreyhn@newyorker.com,Female,255.160.94.72
637,Kip,Pardal,kpardalho@squarespace.com,Male,231.141.251.24
638,Chev,Shilton,cshiltonhp@ucoz.com,Male,150.25.90.201
639,Chelsey,Melmar,cmelmarhq@marketwatch.com,Female,13.107.6.152
640,Shane,Westnage,swestnagehr@addtoany.com,Male,92.52.18.166
641,Konstantine,Schroter,kschroterhs@bbc.co.uk,Male,200.115.166.103
642,Fey,Deathridge,fdeathridgeht@usnews.com,Female,62.77.91.226
643,Helen-elizabeth,Geldart,hgeldarthu@ed.gov,Female,138.146.52.218
644,Hamel,Martin,hmartinhv@cbsnews.com,Male,44.246.23.17
645,Rafaellle,Downer,rdownerhw@reuters.com,Male,15.75.47.37
646,Jorey,Doerren,jdoerrenhx@unesco.org,Female,213.229.92.81
647,Josie,Stutely,jstutelyhy@upenn.edu,Female,153.234.228.10
648,Conrad,Boyer,cboyerhz@deliciousdays.com,Male,74.135.117.246
649,Joey,Sleightholm,jsleightholmi0@indiatimes.com,Male,137.140.78.252
650,Demetri,Barrow,dbarrowi1@posterous.com,Male,233.235.158.32
651,Munroe,Scarborough,mscarboroughi2@hubpages.com,Male,133.61.198.136
652,Eliot,Ubsdall,eubsdalli3@europa.eu,Male,50.105.100.242
653,Bendite,Haddacks,bhaddacksi4@disqus.com,Female,209.123.196.110
654,Xaviera,Piche,xpichei5@google.ca,Female,187.129.171.91
655,Hakeem,Farry,hfarryi6@about.com,Male,202.70.104.121
656,Gary,Pinock,gpinocki7@prnewswire.com,Male,66.24.151.12
657,Audre,Aleksich,aaleksichi8@prweb.com,Female,44.177.206.165
658,Gratia,Slader,gsladeri9@amazon.com,Female,83.56.48.48
659,Dell,Edlyne,dedlyneia@paypal.com,Male,72.27.98.241
660,Germain,Torbard,gtorbardib@google.pl,Female,6.74.169.222
661,Greg,Dible,gdibleic@prlog.org,Male,28.242.98.176
662,Tammie,Dewes,tdewesid@prnewswire.com,Male,160.176.186.20
663,Estelle,Berryann,eberryannie@behance.net,Female,183.85.165.46
664,Elnore,Buckbee,ebuckbeeif@google.es,Female,247.170.122.169
665,Jeane,Berthot,jberthotig@rediff.com,Female,140.207.200.158
666,Cordy,Doers,cdoersih@cargocollective.com,Female,47.235.225.7
667,Rois,Ellingford,rellingfordii@guardian.co.uk,Female,167.158.221.199
668,Saul,Lambdean,slambdeanij@elegantthemes.com,Male,203.237.216.163
669,Page,Snel,psnelik@artisteer.com,Male,131.116.107.3
670,Morly,Pastor,mpastoril@surveymonkey.com,Male,196.21.74.236
671,Marijo,Sweed,msweedim@diigo.com,Female,209.212.182.29
672,Collen,Kinsett,ckinsettin@ehow.com,Female,162.87.199.204
673,Freda,Iglesia,figlesiaio@walmart.com,Female,113.129.119.18
674,Quill,Perrington,qperringtonip@freewebs.com,Male,238.198.204.179
675,Burk,Pownall,bpownalliq@ehow.com,Male,148.125.120.92
676,Reena,Vere,rvereir@artisteer.com,Female,168.107.116.61
677,Brandy,Garvey,bgarveyis@bloomberg.com,Female,24.243.153.210
678,Julina,Corradino,jcorradinoit@apple.com,Female,218.80.211.60
679,Nickolas,Manueau,nmanueauiu@ocn.ne.jp,Male,46.196.14.204
680,Merla,Balf,mbalfiv@taobao.com,Female,240.124.215.93
681,Liam,Arangy,larangyiw@prweb.com,Male,138.44.251.152
682,Godfrey,Mico,gmicoix@gravatar.com,Male,136.239.144.9
683,Deana,Reuther,dreutheriy@fda.gov,Female,215.44.1.73
684,Ealasaid,Tesche,etescheiz@mayoclinic.com,Female,58.211.135.20
685,Adrien,Mazzey,amazzeyj0@360.cn,Male,184.115.5.41
686,Vic,D'Elia,vdeliaj1@shutterfly.com,Male,103.101.250.172
687,Rosalia,Cianni,rciannij2@diigo.com,Female,208.104.117.61
688,Caspar,Fearne,cfearnej3@independent.co.uk,Male,0.125.87.34
689,Janice,Gardiner,jgardinerj4@nih.gov,Female,154.200.193.212
690,Vinny,Weben,vwebenj5@vimeo.com,Female,92.204.115.155
691,Todd,Jeness,tjenessj6@1und1.de,Male,245.33.176.222
692,Nichole,Cammish,ncammishj7@rediff.com,Female,71.233.138.78
693,Auberta,Verny,avernyj8@yelp.com,Female,45.144.58.42
694,Eda,Richel,erichelj9@plala.or.jp,Female,14.74.40.241
695,Nissy,Balser,nbalserja@home.pl,Female,40.190.243.228
696,Mariam,MacColgan,mmaccolganjb@de.vu,Female,231.123.210.80
697,Cami,Somerton,csomertonjc@webs.com,Female,35.233.50.89
698,Carrol,Tomei,ctomeijd@rediff.com,Male,94.233.77.151
699,Kanya,Sergison,ksergisonje@goo.ne.jp,Female,27.15.159.82
700,Lenard,Franckton,lfrancktonjf@umn.edu,Male,51.137.134.238
701,Leanora,Burfoot,lburfootjg@omniture.com,Female,135.18.97.255
702,Cristine,Steckings,csteckingsjh@51.la,Female,23.94.46.190
703,Vallie,Alexandersson,valexanderssonji@artisteer.com,Female,127.224.183.223
704,Yolane,Patrono,ypatronojj@blogtalkradio.com,Female,112.19.10.99
705,Mohandas,Mulvenna,mmulvennajk@mapy.cz,Male,101.162.194.108
706,Chantal,Anten,cantenjl@aol.com,Female,92.84.6.134
707,Reagan,Mattinson,rmattinsonjm@webeden.co.uk,Male,103.138.201.9
708,Amalee,Berisford,aberisfordjn@netvibes.com,Female,80.243.158.16
709,Corrianne,Prinn,cprinnjo@rakuten.co.jp,Female,40.117.126.80
710,Averell,Ellwood,aellwoodjp@indiegogo.com,Male,61.237.34.96
711,Bobbi,Devonshire,bdevonshirejq@bizjournals.com,Female,117.204.199.76
712,Irita,Vidgeon,ividgeonjr@tripod.com,Female,181.67.249.211
713,Rudyard,Borgnet,rborgnetjs@t-online.de,Male,34.10.177.182
714,Bibbie,Dillamore,bdillamorejt@rambler.ru,Female,205.162.78.231
715,Lin,Goodbarr,lgoodbarrju@marketwatch.com,Female,147.91.109.88
716,Herold,Greenhow,hgreenhowjv@ow.ly,Male,133.41.88.105
717,Alvy,Duckham,aduckhamjw@hostgator.com,Male,111.99.219.211
718,Roxane,Spraberry,rspraberryjx@shutterfly.com,Female,47.32.4.222
719,Berkie,Prettejohns,bprettejohnsjy@purevolume.com,Male,36.221.106.57
720,Tulley,Murford,tmurfordjz@illinois.edu,Male,154.36.118.131
721,Guido,Andrini,gandrinik0@fc2.com,Male,135.137.248.207
722,Mattias,Stothard,mstothardk1@mashable.com,Male,182.144.196.70
723,Mick,Tebbitt,mtebbittk2@shutterfly.com,Male,129.150.183.91
724,Arne,Colton,acoltonk3@narod.ru,Male,227.55.165.1
725,Daryn,Wooster,dwoosterk4@clickbank.net,Female,210.73.88.44
726,Frasco,Cutbush,fcutbushk5@accuweather.com,Male,119.70.79.246
727,Jeane,Antonsson,jantonssonk6@amazonaws.com,Female,201.78.14.10
728,Anatola,Paulou,apaulouk7@buzzfeed.com,Female,243.28.121.255
729,David,Bullivent,dbulliventk8@ocn.ne.jp,Male,92.101.23.76
730,Ingeberg,McKomb,imckombk9@slashdot.org,Female,237.208.168.8
731,Fleurette,MacFaell,fmacfaellka@elpais.com,Female,206.221.139.218
732,Brigida,Gapper,bgapperkb@state.tx.us,Female,42.246.197.90
733,Samson,Tooby,stoobykc@bloglines.com,Male,32.203.243.92
734,Robina,Ilieve,rilievekd@ustream.tv,Female,113.238.9.55
735,Carson,Danielou,cdanielouke@sina.com.cn,Male,69.56.237.117
736,Wolfgang,Tamlett,wtamlettkf@posterous.com,Male,147.166.160.48
737,Rayner,Beet,rbeetkg@so-net.ne.jp,Male,177.22.193.53
738,Mair,O'Deegan,modeegankh@hexun.com,Female,204.12.15.175
739,Karrah,Edgson,kedgsonki@usa.gov,Female,125.153.60.222
740,Emilio,Bahl,ebahlkj@wordpress.org,Male,43.30.114.239
741,Zelig,Spratt,zsprattkk@wikipedia.org,Male,198.185.19.47
742,Sergei,Woolmore,swoolmorekl@mapy.cz,Male,169.101.83.138
743,Culley,Darbyshire,cdarbyshirekm@soundcloud.com,Male,112.133.166.144
744,Nikita,Guerrieri,nguerrierikn@mediafire.com,Male,27.21.129.10
745,Morley,Rudeforth,mrudeforthko@pinterest.com,Male,181.27.221.47
746,Morissa,Cundey,mcundeykp@globo.com,Female,91.61.47.175
747,Rusty,Dunkersley,rdunkersleykq@chicagotribune.com,Male,160.252.58.186
748,Terza,Bayles,tbayleskr@nifty.com,Female,170.43.240.191
749,Chadd,Braunfeld,cbraunfeldks@un.org,Male,45.255.227.96
750,Alicea,Mabbett,amabbettkt@bbc.co.uk,Female,239.171.119.89
751,Jone,Robuchon,jrobuchonku@google.com.au,Male,142.126.212.109
752,Consuela,Libri,clibrikv@dropbox.com,Female,240.206.221.10
753,Saloma,Gartery,sgarterykw@list-manage.com,Female,83.158.28.232
754,Melodee,Messier,mmessierkx@oracle.com,Female,79.177.171.70
755,Ray,Kobelt,rkobeltky@bloglovin.com,Male,135.51.117.191
756,Mignonne,Flamank,mflamankkz@php.net,Female,219.55.231.203
757,Roxanne,Smitheman,rsmithemanl0@loc.gov,Female,129.71.94.68
758,Durant,Genders,dgendersl1@dyndns.org,Male,97.88.51.51
759,Tyrus,Nusche,tnuschel2@artisteer.com,Male,84.230.149.172
760,Hamish,Fills,hfillsl3@flickr.com,Male,220.109.62.38
761,Sheri,Brosenius,sbroseniusl4@desdev.cn,Female,70.133.97.114
762,Giuseppe,Skaife d'Ingerthorpe,gskaifedingerthorpel5@cam.ac.uk,Male,127.152.19.146
763,Leontine,Rabbatts,lrabbattsl6@nih.gov,Female,189.253.181.103
764,Adelina,Lamping,alampingl7@photobucket.com,Female,184.247.199.56
765,Rosette,Burnhams,rburnhamsl8@cbsnews.com,Female,254.85.44.36
766,Andrea,Phillps,aphillpsl9@addthis.com,Male,115.17.75.148
767,Darrel,L'Amie,dlamiela@archive.org,Male,192.33.173.209
768,Saxon,Oswell,soswelllb@lulu.com,Male,128.205.34.142
769,Arman,Krause,akrauselc@fda.gov,Male,70.55.33.33
770,Rachel,Stanfield,rstanfieldld@sciencedirect.com,Female,179.106.147.84
771,Chelsie,Wanderschek,cwanderschekle@rambler.ru,Female,30.93.14.138
772,Vale,Dannel,vdannellf@adobe.com,Male,79.230.220.71
773,Tabbi,Saunt,tsauntlg@weather.com,Female,200.2.29.171
774,Nanni,McGowran,nmcgowranlh@feedburner.com,Female,135.56.73.105
775,Berthe,Henriques,bhenriquesli@elegantthemes.com,Female,217.41.164.161
776,Louie,Duferie,lduferielj@deliciousdays.com,Male,232.109.244.105
777,Cordelie,Searston,csearstonlk@ehow.com,Female,179.158.82.115
778,Cass,O'Reilly,coreillyll@huffingtonpost.com,Female,25.63.15.89
779,Charmane,Verriour,cverriourlm@arizona.edu,Female,14.255.87.159
780,Philip,McLaren,pmclarenln@smugmug.com,Male,200.203.185.195
781,Hewitt,Duffrie,hduffrielo@xing.com,Male,38.206.252.196
782,Johnny,Brockelsby,jbrockelsbylp@bandcamp.com,Male,240.67.222.222
783,Christy,Buddington,cbuddingtonlq@who.int,Male,54.105.251.54
784,Teressa,Roughley,troughleylr@over-blog.com,Female,155.97.228.46
785,Carlyle,Craister,ccraisterls@goo.ne.jp,Male,231.216.186.184
786,Granger,Rickert,grickertlt@alexa.com,Male,182.108.72.236
787,Kristyn,Shillum,kshillumlu@indiatimes.com,Female,71.137.253.91
788,Sybila,Ternault,sternaultlv@cornell.edu,Female,189.169.82.203
789,Coreen,Hyman,chymanlw@topsy.com,Female,165.84.101.80
790,Waneta,Bhatia,wbhatialx@drupal.org,Female,61.131.225.32
791,Bobbi,Bower,bbowerly@surveymonkey.com,Female,255.205.79.40
792,Major,Raftery,mrafterylz@sohu.com,Male,144.103.194.20
793,Hamid,Gosling,hgoslingm0@edublogs.org,Male,126.25.43.214
794,Chevy,McCreadie,cmccreadiem1@buzzfeed.com,Male,90.94.68.239
795,Regine,Hammett,rhammettm2@bandcamp.com,Female,189.76.85.115
796,Lucas,Siddon,lsiddonm3@ycombinator.com,Male,203.141.227.237
797,Nicoli,Dakhov,ndakhovm4@amazon.co.jp,Female,56.54.119.229
798,Trish,Kaliszewski,tkaliszewskim5@hibu.com,Female,73.25.171.129
799,Giacobo,McRuvie,gmcruviem6@typepad.com,Male,175.91.133.35
800,Augusta,Geistmann,ageistmannm7@si.edu,Female,128.68.56.255
801,Flor,Dunkinson,fdunkinsonm8@wordpress.org,Female,135.253.109.165
802,Verney,Gamett,vgamettm9@ehow.com,Male,152.66.228.251
803,Tonya,Upcraft,tupcraftma@cdc.gov,Female,84.102.25.43
804,Saunder,Scole,sscolemb@dmoz.org,Male,5.1.239.4
805,Tandy,Minichillo,tminichillomc@imdb.com,Female,17.148.237.16
806,Alastair,Croston,acrostonmd@storify.com,Male,61.204.158.77
807,Leigh,Filipowicz,lfilipowiczme@google.de,Female,200.230.63.113
808,Alyosha,Dabnot,adabnotmf@gnu.org,Male,31.152.0.63
809,Pietro,Pickerin,ppickerinmg@desdev.cn,Male,14.160.57.62
810,Carmella,Veart,cveartmh@nasa.gov,Female,181.126.91.188
811,Lynnea,Redsell,lredsellmi@wp.com,Female,136.37.154.54
812,Margalit,Teesdale,mteesdalemj@drupal.org,Female,19.35.59.37
813,Nikos,Aspell,naspellmk@answers.com,Male,147.11.253.75
814,Netti,Bedward,nbedwardml@blogs.com,Female,112.165.178.36
815,Bartram,Weaving,bweavingmm@g.co,Male,199.131.119.254
816,Ora,Pusey,opuseymn@canalblog.com,Female,221.171.80.92
817,Auguste,Buglass,abuglassmo@abc.net.au,Female,230.179.177.187
818,Dilan,Dronsfield,ddronsfieldmp@rakuten.co.jp,Male,215.148.15.201
819,Marketa,Braunton,mbrauntonmq@reddit.com,Female,240.83.219.163
820,Marilyn,Hutson,mhutsonmr@loc.gov,Female,33.253.31.49
821,Anna,Kinnie,akinniems@google.cn,Female,46.211.231.63
822,Gherardo,Eardley,geardleymt@freewebs.com,Male,123.98.118.91
823,Davin,Pleace,dpleacemu@comcast.net,Male,130.104.51.208
824,Suki,Mellmer,smellmermv@discovery.com,Female,196.105.193.6
825,Marilee,MacArte,mmacartemw@mapy.cz,Female,134.120.88.218
826,Orly,Cloughton,ocloughtonmx@latimes.com,Female,208.252.148.168
827,Bradney,Dobeson,bdobesonmy@independent.co.uk,Male,210.206.51.143
828,Dara,Rummings,drummingsmz@multiply.com,Female,19.10.75.60
829,Alma,Stephens,astephensn0@4shared.com,Female,120.7.18.158
830,Dannye,Planke,dplanken1@prweb.com,Female,253.101.106.204
831,Lotty,Dubois,lduboisn2@senate.gov,Female,60.249.254.90
832,Gib,Daoust,gdaoustn3@weebly.com,Male,254.238.227.235
833,Dani,Vears,dvearsn4@wordpress.com,Female,26.200.39.28
834,Ephraim,Lye,elyen5@washington.edu,Male,248.17.108.178
835,Lawton,Dargan,ldargann6@parallels.com,Male,125.125.94.152
836,Hestia,Witton,hwittonn7@jimdo.com,Female,162.148.88.233
837,Andrey,Orrice,aorricen8@businessweek.com,Male,56.75.253.62
838,Aggy,Tunnow,atunnown9@imdb.com,Female,110.222.156.241
839,Gan,Rudge,grudgena@blogs.com,Male,15.227.67.155
840,Evangelin,Meindl,emeindlnb@w3.org,Female,252.17.211.127
841,Katy,Lupson,klupsonnc@vkontakte.ru,Female,40.187.239.177
842,Guillemette,Mary,gmarynd@cornell.edu,Female,202.25.198.152
843,Regan,Shortan,rshortanne@oakley.com,Female,25.155.165.226
844,Madelin,Cote,mcotenf@umich.edu,Female,27.50.31.198
845,Mei,Bruntjen,mbruntjenng@springer.com,Female,114.214.60.217
846,Belia,Willmer,bwillmernh@toplist.cz,Female,138.112.190.209
847,Curcio,Ivashnikov,civashnikovni@cornell.edu,Male,156.231.101.29
848,Alexandra,Bog,abognj@state.gov,Female,77.10.136.93
849,Anjanette,Byng,abyngnk@myspace.com,Female,249.201.211.68
850,Leighton,Fuchs,lfuchsnl@vimeo.com,Male,230.55.78.108
851,Holmes,Bicheno,hbichenonm@boston.com,Male,154.227.248.186
852,Lynn,Vasyagin,lvasyaginnn@home.pl,Female,15.90.48.37
853,Allina,Fleming,aflemingno@vk.com,Female,228.193.153.168
854,Ofelia,Troker,otrokernp@prweb.com,Female,226.163.27.184
855,Cam,Volker,cvolkernq@comcast.net,Female,147.115.201.213
856,Godwin,Shenton,gshentonnr@army.mil,Male,22.80.4.245
857,Charo,Marney,cmarneyns@yellowbook.com,Female,62.121.118.194
858,Stanly,Livingston,slivingstonnt@devhub.com,Male,15.97.20.57
859,Glenda,Bertrand,gbertrandnu@springer.com,Female,179.210.11.74
860,Vitia,Bouchier,vbouchiernv@ucoz.com,Female,184.23.179.82
861,Toiboid,Jeffress,tjeffressnw@diigo.com,Male,91.175.56.105
862,Janka,Carding,jcardingnx@topsy.com,Female,82.58.67.188
863,Nowell,Biggadyke,nbiggadykeny@last.fm,Male,194.39.52.164
864,Becka,Elsmere,belsmerenz@jalbum.net,Female,38.21.65.222
865,Ingelbert,Marsland,imarslando0@studiopress.com,Male,139.3.114.100
866,Norri,Bartholat,nbartholato1@upenn.edu,Female,42.63.228.182
867,Georgeanna,Vinnicombe,gvinnicombeo2@moonfruit.com,Female,34.211.64.255
868,Sileas,Brigdale,sbrigdaleo3@shop-pro.jp,Female,227.125.108.192
869,Olga,Melley,omelleyo4@dyndns.org,Female,26.176.49.240
870,Dorthea,Gravestone,dgravestoneo5@howstuffworks.com,Female,63.245.188.249
871,Jenna,Hymans,jhymanso6@cafepress.com,Female,142.11.24.249
872,Sandro,Flisher,sflishero7@yahoo.com,Male,243.194.78.99
873,Rainer,Dormand,rdormando8@github.com,Male,221.225.214.77
874,Gilburt,Eddicott,geddicotto9@netlog.com,Male,93.168.59.38
875,Malcolm,Albasiny,malbasinyoa@flavors.me,Male,141.61.2.235
876,Ora,Pell,opellob@zimbio.com,Female,165.47.69.3
877,Humfrey,Coast,hcoastoc@cloudflare.com,Male,43.184.195.235
878,Joelle,Agnolo,jagnolood@1und1.de,Female,101.84.231.223
879,Norry,Pavelin,npavelinoe@vinaora.com,Female,83.110.244.43
880,Corbett,Harbour,charbourof@typepad.com,Male,214.103.219.147
881,Britteny,Telfer,btelferog@nydailynews.com,Female,8.173.71.211
882,Giacomo,Rubica,grubicaoh@printfriendly.com,Male,65.121.35.30
883,Sam,Doeg,sdoegoi@com.com,Male,151.11.165.189
884,Dallas,Torrans,dtorransoj@elegantthemes.com,Female,87.236.155.93
885,Ddene,Catterill,dcatterillok@marriott.com,Female,226.90.200.251
886,Lolly,Dosdale,ldosdaleol@sakura.ne.jp,Female,222.4.233.47
887,Guinna,Stede,gstedeom@unicef.org,Female,139.215.149.243
888,Barron,Nassau,bnassauon@list-manage.com,Male,30.222.11.227
889,Vidovik,Mawtus,vmawtusoo@senate.gov,Male,125.241.178.170
890,Ulick,Kinchley,ukinchleyop@studiopress.com,Male,105.147.176.65
891,Kessia,McMurdo,kmcmurdooq@amazon.co.jp,Female,55.95.29.24
892,Torrie,Tantum,ttantumor@twitpic.com,Female,242.196.49.11
893,Richart,Sines,rsinesos@tamu.edu,Male,73.131.98.72
894,Benson,Anton,bantonot@cam.ac.uk,Male,137.85.51.203
895,Esra,MacTrustam,emactrustamou@cam.ac.uk,Male,7.228.134.63
896,Cati,McCarney,cmccarneyov@google.com,Female,68.39.111.226
897,Sergeant,Morefield,smorefieldow@histats.com,Male,154.15.158.246
898,Kellen,Gillhespy,kgillhespyox@icq.com,Male,17.169.64.154
899,Jenelle,Blenkinsop,jblenkinsopoy@illinois.edu,Female,180.68.60.44
900,Betty,Mothersdale,bmothersdaleoz@cafepress.com,Female,106.122.143.231
901,Fina,Sanham,fsanhamp0@shop-pro.jp,Female,217.213.129.192
902,Nappie,Wason,nwasonp1@oakley.com,Male,33.129.181.49
903,Cristionna,Finnis,cfinnisp2@moonfruit.com,Female,63.133.117.21
904,Ray,Southall,rsouthallp3@cisco.com,Male,77.238.97.62
905,Alvin,Prangle,apranglep4@google.fr,Male,54.182.55.5
906,Hanson,Metham,hmethamp5@dropbox.com,Male,127.147.94.219
907,Anne-corinne,Elloit,aelloitp6@tripadvisor.com,Female,113.189.52.150
908,Barrett,Cyson,bcysonp7@who.int,Male,106.188.11.240
909,Jess,Treece,jtreecep8@technorati.com,Male,206.231.134.85
910,Birgitta,McManus,bmcmanusp9@dedecms.com,Female,173.116.213.81
911,Anet,Muriel,amurielpa@wired.com,Female,197.76.19.49
912,Katharina,Hemerijk,khemerijkpb@bloglines.com,Female,214.73.111.121
913,Niel,Heyworth,nheyworthpc@dmoz.org,Male,194.210.196.203
914,Celeste,Donisthorpe,cdonisthorpepd@tinyurl.com,Female,61.101.26.158
915,Amandie,Jest,ajestpe@ycombinator.com,Female,77.103.226.111
916,Maiga,Greenland,mgreenlandpf@bloglovin.com,Female,107.5.249.111
917,Redford,Clayborn,rclaybornpg@theguardian.com,Male,45.137.220.192
918,Dominick,Mepsted,dmepstedph@weebly.com,Male,104.235.171.137
919,Brandice,Barrs,bbarrspi@xrea.com,Female,141.71.186.39
920,Jacklin,Atwool,jatwoolpj@mozilla.com,Female,53.212.109.58
921,Julia,Pybworth,jpybworthpk@booking.com,Female,156.163.53.117
922,Hasty,Putman,hputmanpl@ezinearticles.com,Male,246.241.54.27
923,Lyn,Lattey,llatteypm@apple.com,Female,44.206.255.18
924,Mahmoud,Noel,mnoelpn@chicagotribune.com,Male,80.217.34.178
925,Ainslee,Edie,aediepo@walmart.com,Female,74.202.98.139
926,Nydia,Pifford,npiffordpp@liveinternet.ru,Female,100.224.96.105
927,Barri,Hanshawe,bhanshawepq@rediff.com,Male,28.34.247.102
928,Vern,Strothers,vstrotherspr@gravatar.com,Male,221.255.145.207
929,Francis,Markl,fmarklps@senate.gov,Male,238.210.0.90
930,Karalynn,Howgill,khowgillpt@xing.com,Female,251.145.37.221
931,Edwina,Raise,eraisepu@amazon.com,Female,3.69.97.14
932,Mandie,Stitwell,mstitwellpv@biblegateway.com,Female,48.211.62.219
933,Violetta,Korba,vkorbapw@house.gov,Female,188.118.137.231
934,Yale,Honnicott,yhonnicottpx@wunderground.com,Male,131.127.120.39
935,Evie,Coonan,ecoonanpy@people.com.cn,Female,77.8.47.11
936,Neall,Bussens,nbussenspz@issuu.com,Male,71.197.124.1
937,Flem,Lademann,flademannq0@fotki.com,Male,100.210.86.163
938,Lory,Gregoli,lgregoliq1@woothemes.com,Female,246.158.229.117
939,Cleon,Scough,cscoughq2@usatoday.com,Male,116.244.172.175
940,Filberto,Thewless,fthewlessq3@freewebs.com,Male,60.163.129.159
941,Jemmy,Cattlow,jcattlowq4@uol.com.br,Female,171.131.23.104
942,Tallou,Banker,tbankerq5@hexun.com,Female,207.166.243.98
943,Gonzales,De Blasio,gdeblasioq6@macromedia.com,Male,171.89.226.133
944,Beryle,Cream,bcreamq7@ebay.com,Female,157.2.241.106
945,Emmy,Frostick,efrostickq8@newyorker.com,Male,81.176.224.84
946,Markos,Crookston,mcrookstonq9@spiegel.de,Male,92.52.97.37
947,Welch,Rouzet,wrouzetqa@paypal.com,Male,94.73.130.250
948,Agosto,Rands,arandsqb@usnews.com,Male,154.130.142.147
949,Englebert,Diggens,ediggensqc@imageshack.us,Male,193.5.166.156
950,Camilla,Mounfield,cmounfieldqd@google.ru,Female,80.136.175.12
951,Nara,Girsch,ngirschqe@blogs.com,Female,188.56.116.100
952,Janot,Joicey,jjoiceyqf@ask.com,Female,249.79.74.54
953,Daisy,St. Paul,dstpaulqg@wikimedia.org,Female,111.105.32.219
954,Karel,Foss,kfossqh@umich.edu,Female,137.26.42.101
955,Mellisa,Murton,mmurtonqi@mtv.com,Female,225.37.15.234
956,Raynard,Hackley,rhackleyqj@friendfeed.com,Male,136.86.93.105
957,Griz,Rockall,grockallqk@symantec.com,Male,41.75.242.88
958,Mannie,Wilsdon,mwilsdonql@ehow.com,Male,24.109.226.130
959,Flor,Parnham,fparnhamqm@miibeian.gov.cn,Female,45.134.219.84
960,Henri,Larose,hlaroseqn@angelfire.com,Male,98.78.101.166
961,Mildrid,Crow,mcrowqo@japanpost.jp,Female,255.165.184.114
962,Normy,Abrahams,nabrahamsqp@cloudflare.com,Male,130.230.151.195
963,Dallon,Leakner,dleaknerqq@weather.com,Male,138.24.251.241
964,Virgil,Marsland,vmarslandqr@state.tx.us,Male,13.91.71.107
965,Agneta,Grahame,agrahameqs@ucoz.ru,Female,51.245.56.186
966,Gabi,Klais,gklaisqt@sbwire.com,Female,132.176.72.101
967,Bartlet,Castelli,bcastelliqu@jalbum.net,Male,245.95.126.255
968,Dorey,Truwert,dtruwertqv@unesco.org,Female,247.193.128.12
969,Oates,Liepins,oliepinsqw@wordpress.com,Male,94.142.188.192
970,Ariel,Tucknutt,atucknuttqx@nba.com,Male,143.227.7.107
971,Taddeusz,Muslim,tmuslimqy@woothemes.com,Male,10.14.80.139
972,Juana,Runnacles,jrunnaclesqz@infoseek.co.jp,Female,86.167.129.204
973,Andeee,Shirlaw,ashirlawr0@loc.gov,Female,17.80.48.18
974,Jorrie,Bowley,jbowleyr1@sakura.ne.jp,Female,251.225.247.163
975,Kendell,Pagon,kpagonr2@cocolog-nifty.com,Male,134.231.199.205
976,Webb,Hould,whouldr3@eepurl.com,Male,213.177.179.185
977,Mikkel,Dunmuir,mdunmuirr4@opera.com,Male,104.98.181.184
978,Merv,Hebblethwaite,mhebblethwaiter5@google.ru,Male,107.37.106.207
979,Barbi,Woodrooffe,bwoodrooffer6@ox.ac.uk,Female,63.140.39.4
980,Nikki,Yurivtsev,nyurivtsevr7@mashable.com,Male,34.106.120.113
981,Collie,Oleksinski,coleksinskir8@github.io,Female,48.25.51.178
982,Daile,Medlen,dmedlenr9@fda.gov,Female,236.89.171.49
983,Dniren,Shipcott,dshipcottra@nyu.edu,Female,24.206.58.219
984,Orella,Eadmeads,oeadmeadsrb@photobucket.com,Female,126.29.24.33
985,Rodd,Rumbold,rrumboldrc@nationalgeographic.com,Male,216.178.16.36
986,Claudian,Punyer,cpunyerrd@linkedin.com,Male,191.216.235.176
987,Virgina,Burndred,vburndredre@salon.com,Female,214.199.101.167
988,Dru,Furlong,dfurlongrf@reuters.com,Male,123.19.210.4
989,Meir,Pettengell,mpettengellrg@cisco.com,Male,132.26.196.235
990,Temp,Wandrack,twandrackrh@jimdo.com,Male,83.74.114.168
991,Maureene,Broxup,mbroxupri@google.it,Female,59.215.139.121
992,Margarette,Kaaskooper,mkaaskooperrj@163.com,Female,166.111.196.27
993,Anastasia,Breckwell,abreckwellrk@dot.gov,Female,217.247.22.184
994,Maxim,Southwood,msouthwoodrl@bing.com,Male,169.197.207.2
995,Flynn,Bache,fbacherm@google.co.uk,Male,22.163.107.181
996,Cosme,Critch,ccritchrn@cam.ac.uk,Male,142.21.229.195
997,Jade,Rumbold,jrumboldro@mozilla.com,Female,222.180.124.128
998,Codie,Simeone,csimeonerp@whitehouse.gov,Female,150.28.125.117
999,Aime,Bardnam,abardnamrq@storify.com,Female,186.94.112.143
1000,Melita,Skews,mskewsrr@dell.com,Female,74.245.229.64
